date,Rt_median,Rt_5%ile,Rt_25%ile,Rt_75%ile,Rt_95%ile,hosp_median,hosp_5%ile,hosp_25%ile,hosp_75%ile,hosp_95%ile,icu_median,icu_5%ile,icu_25%ile,icu_75%ile,icu_95%ile
2024-08-05,0.983,0.932,0.962,1.005,1.036,8.211,0.000,1.105,15.415,25.018,1.518,0.000,0.000,5.745,12.741
2024-08-06,0.973,0.918,0.950,0.995,1.027,8.463,0.000,1.366,15.635,25.216,1.556,0.000,0.000,5.787,12.785
2024-08-07,0.961,0.903,0.938,0.984,1.016,8.690,0.000,1.597,15.866,25.414,1.609,0.000,0.000,5.836,12.831
2024-08-08,0.948,0.889,0.925,0.972,1.005,8.905,0.000,1.860,16.105,25.656,1.670,0.000,0.000,5.884,12.883
2024-08-09,0.935,0.873,0.912,0.959,0.992,9.163,0.000,2.102,16.333,25.903,1.716,0.000,0.000,5.931,12.937
2024-08-10,0.922,0.857,0.898,0.945,0.979,9.458,0.000,2.307,16.593,26.071,1.763,0.000,0.000,5.981,12.992
2024-08-11,0.908,0.842,0.883,0.932,0.966,9.692,0.000,2.544,16.796,26.306,1.800,0.000,0.000,6.017,13.047
2024-08-12,0.894,0.826,0.868,0.918,0.953,9.924,0.000,2.765,16.988,26.536,1.827,0.000,0.000,6.059,13.087
2024-08-13,0.880,0.809,0.853,0.905,0.939,10.151,0.000,2.961,17.193,26.748,1.858,0.000,0.000,6.101,13.108
2024-08-14,0.867,0.792,0.838,0.892,0.926,10.344,0.000,3.129,17.369,26.955,1.896,0.000,0.000,6.145,13.135
2024-08-15,0.853,0.775,0.824,0.880,0.915,10.490,0.000,3.338,17.488,27.151,1.910,0.000,0.000,6.176,13.149
2024-08-16,0.840,0.757,0.809,0.868,0.904,10.599,0.000,3.514,17.643,27.317,1.938,0.000,0.000,6.195,13.191
2024-08-17,0.827,0.741,0.795,0.856,0.893,10.727,0.000,3.660,17.751,27.400,1.962,0.000,0.000,6.227,13.201
2024-08-18,0.816,0.728,0.782,0.846,0.883,10.855,0.000,3.752,17.832,27.464,1.980,0.000,0.000,6.241,13.197
2024-08-19,0.805,0.715,0.771,0.836,0.874,10.926,0.000,3.809,17.901,27.469,1.982,0.000,0.000,6.261,13.202
2024-08-20,0.795,0.704,0.761,0.827,0.866,10.965,0.000,3.860,17.937,27.487,1.993,0.000,0.000,6.269,13.219
2024-08-21,0.786,0.695,0.752,0.818,0.859,10.986,0.000,3.856,17.934,27.461,1.981,0.000,0.000,6.264,13.251
2024-08-22,0.779,0.687,0.744,0.811,0.853,10.957,0.000,3.801,17.909,27.394,1.974,0.000,0.000,6.254,13.274
2024-08-23,0.772,0.680,0.736,0.805,0.846,10.962,0.000,3.761,17.859,27.354,1.960,0.000,0.000,6.242,13.256
2024-08-24,0.767,0.673,0.730,0.799,0.841,10.899,0.000,3.680,17.801,27.315,1.951,0.000,0.000,6.221,13.226
2024-08-25,0.763,0.666,0.725,0.796,0.838,10.791,0.000,3.626,17.730,27.256,1.936,0.000,0.000,6.206,13.201
2024-08-26,0.760,0.661,0.721,0.794,0.836,10.680,0.000,3.499,17.601,27.103,1.917,0.000,0.000,6.175,13.191
2024-08-27,0.757,0.655,0.718,0.792,0.835,10.575,0.000,3.367,17.462,27.027,1.889,0.000,0.000,6.154,13.174
2024-08-28,0.756,0.652,0.717,0.791,0.835,10.437,0.000,3.263,17.290,26.858,1.855,0.000,0.000,6.116,13.144
2024-08-29,0.756,0.651,0.716,0.790,0.835,10.271,0.000,3.105,17.123,26.677,1.822,0.000,0.000,6.088,13.120
2024-08-30,0.756,0.650,0.716,0.790,0.837,10.084,0.000,2.917,16.953,26.487,1.789,0.000,0.000,6.053,13.089
2024-08-31,0.757,0.651,0.719,0.792,0.840,9.888,0.000,2.727,16.783,26.236,1.756,0.000,0.000,6.019,13.036
2024-09-01,0.761,0.655,0.721,0.796,0.842,9.689,0.000,2.547,16.565,26.009,1.722,0.000,0.000,5.971,12.969
2024-09-02,0.764,0.657,0.725,0.800,0.846,9.484,0.000,2.401,16.348,25.810,1.688,0.000,0.000,5.926,12.903
2024-09-03,0.769,0.660,0.728,0.804,0.851,9.305,0.000,2.208,16.100,25.594,1.657,0.000,0.000,5.883,12.834
2024-09-04,0.773,0.665,0.733,0.809,0.857,9.075,0.000,2.042,15.882,25.380,1.625,0.000,0.000,5.838,12.769
2024-09-05,0.778,0.670,0.738,0.815,0.864,8.869,0.000,1.876,15.686,25.164,1.596,0.000,0.000,5.786,12.711
2024-09-06,0.784,0.674,0.744,0.821,0.870,8.668,0.000,1.747,15.456,24.925,1.567,0.000,0.000,5.739,12.656
2024-09-07,0.791,0.681,0.750,0.828,0.877,8.492,0.000,1.560,15.242,24.685,1.532,0.000,0.000,5.695,12.594
2024-09-08,0.798,0.689,0.758,0.836,0.885,8.274,0.000,1.445,15.036,24.511,1.490,0.000,0.000,5.647,12.544
2024-09-09,0.805,0.697,0.765,0.842,0.892,8.113,0.000,1.285,14.817,24.336,1.458,0.000,0.000,5.605,12.480
2024-09-10,0.812,0.703,0.772,0.848,0.897,7.945,0.000,1.168,14.618,24.138,1.430,0.000,0.000,5.564,12.403
2024-09-11,0.819,0.711,0.779,0.856,0.904,7.768,0.000,1.063,14.411,23.897,1.405,0.000,0.000,5.524,12.345
2024-09-12,0.826,0.721,0.787,0.862,0.910,7.602,0.000,0.933,14.200,23.716,1.375,0.000,0.000,5.493,12.278
2024-09-13,0.833,0.730,0.793,0.867,0.917,7.457,0.000,0.793,14.004,23.483,1.352,0.000,0.000,5.463,12.212
2024-09-14,0.840,0.740,0.802,0.874,0.923,7.291,0.000,0.659,13.793,23.305,1.323,0.000,0.000,5.423,12.145
2024-09-15,0.847,0.750,0.810,0.881,0.930,7.153,0.000,0.524,13.587,23.108,1.293,0.000,0.000,5.381,12.081
2024-09-16,0.852,0.758,0.817,0.886,0.934,6.991,0.000,0.400,13.420,22.897,1.271,0.000,0.000,5.351,12.022
2024-09-17,0.858,0.765,0.823,0.891,0.938,6.849,0.000,0.279,13.219,22.739,1.250,0.000,0.000,5.321,11.965
2024-09-18,0.863,0.773,0.829,0.895,0.942,6.693,0.000,0.150,13.032,22.513,1.221,0.000,0.000,5.290,11.903
2024-09-19,0.868,0.779,0.834,0.899,0.945,6.519,0.000,0.018,12.847,22.347,1.201,0.000,0.000,5.255,11.851
2024-09-20,0.872,0.786,0.839,0.902,0.947,6.366,0.000,0.000,12.666,22.192,1.174,0.000,0.000,5.227,11.808
2024-09-21,0.877,0.793,0.845,0.906,0.951,6.191,0.000,0.000,12.496,22.011,1.136,0.000,0.000,5.204,11.764
2024-09-22,0.883,0.801,0.851,0.911,0.954,6.035,0.000,0.000,12.309,21.831,1.107,0.000,0.000,5.171,11.719
2024-09-23,0.886,0.806,0.856,0.914,0.955,5.879,0.000,0.000,12.141,21.656,1.086,0.000,0.000,5.133,11.667
2024-09-24,0.890,0.811,0.860,0.917,0.957,5.714,0.000,0.000,11.982,21.498,1.069,0.000,0.000,5.101,11.626
2024-09-25,0.894,0.813,0.864,0.921,0.960,5.547,0.000,0.000,11.810,21.326,1.047,0.000,0.000,5.068,11.590
2024-09-26,0.897,0.817,0.867,0.924,0.964,5.411,0.000,0.000,11.678,21.159,1.025,0.000,0.000,5.040,11.557
2024-09-27,0.900,0.819,0.870,0.928,0.968,5.269,0.000,0.000,11.546,21.030,1.000,0.000,0.000,5.014,11.530
2024-09-28,0.906,0.826,0.874,0.933,0.971,5.149,0.000,0.000,11.418,20.942,0.971,0.000,0.000,4.991,11.504
2024-09-29,0.911,0.829,0.880,0.937,0.976,5.013,0.000,0.000,11.261,20.831,0.943,0.000,0.000,4.965,11.480
2024-09-30,0.914,0.833,0.884,0.940,0.979,4.890,0.000,0.000,11.143,20.689,0.916,0.000,0.000,4.939,11.457
2024-10-01,0.918,0.837,0.888,0.943,0.982,4.780,0.000,0.000,11.008,20.567,0.898,0.000,0.000,4.908,11.434
2024-10-02,0.921,0.842,0.892,0.946,0.984,4.650,0.000,0.000,10.875,20.461,0.875,0.000,0.000,4.881,11.413
2024-10-03,0.925,0.846,0.895,0.949,0.987,4.539,0.000,0.000,10.774,20.339,0.852,0.000,0.000,4.867,11.392
2024-10-04,0.928,0.850,0.899,0.952,0.991,4.445,0.000,0.000,10.660,20.218,0.835,0.000,0.000,4.847,11.371
2024-10-05,0.932,0.853,0.904,0.956,0.996,4.378,0.000,0.000,10.564,20.133,0.814,0.000,0.000,4.828,11.351
2024-10-06,0.937,0.858,0.909,0.962,1.001,4.289,0.000,0.000,10.486,20.037,0.795,0.000,0.000,4.811,11.330
2024-10-07,0.940,0.861,0.911,0.965,1.004,4.185,0.000,0.000,10.391,19.947,0.784,0.000,0.000,4.792,11.309
2024-10-08,0.943,0.864,0.914,0.969,1.009,4.093,0.000,0.000,10.299,19.862,0.773,0.000,0.000,4.774,11.289
2024-10-09,0.946,0.867,0.918,0.972,1.012,4.006,0.000,0.000,10.222,19.770,0.760,0.000,0.000,4.757,11.269
2024-10-10,0.949,0.871,0.922,0.975,1.017,3.944,0.000,0.000,10.154,19.658,0.745,0.000,0.000,4.742,11.249
2024-10-11,0.952,0.876,0.925,0.977,1.020,3.873,0.000,0.000,10.103,19.557,0.732,0.000,0.000,4.728,11.229
2024-10-12,0.956,0.880,0.930,0.982,1.023,3.803,0.000,0.000,10.063,19.517,0.717,0.000,0.000,4.715,11.217
2024-10-13,0.961,0.887,0.935,0.986,1.029,3.731,0.000,0.000,10.028,19.485,0.709,0.000,0.000,4.704,11.218
2024-10-14,0.964,0.890,0.938,0.990,1.031,3.688,0.000,0.000,9.985,19.421,0.699,0.000,0.000,4.690,11.219
2024-10-15,0.967,0.895,0.940,0.993,1.035,3.637,0.000,0.000,9.923,19.360,0.689,0.000,0.000,4.678,11.211
2024-10-16,0.970,0.897,0.943,0.996,1.040,3.592,0.000,0.000,9.851,19.318,0.680,0.000,0.000,4.670,11.191
2024-10-17,0.972,0.899,0.946,0.999,1.045,3.533,0.000,0.000,9.791,19.281,0.671,0.000,0.000,4.663,11.170
2024-10-18,0.975,0.901,0.948,1.002,1.049,3.491,0.000,0.000,9.739,19.235,0.666,0.000,0.000,4.657,11.150
2024-10-19,0.978,0.906,0.952,1.006,1.055,3.461,0.000,0.000,9.695,19.175,0.658,0.000,0.000,4.655,11.129
2024-10-20,0.983,0.911,0.955,1.010,1.059,3.412,0.000,0.000,9.646,19.127,0.649,0.000,0.000,4.642,11.109
2024-10-21,0.985,0.914,0.958,1.012,1.062,3.384,0.000,0.000,9.602,19.078,0.640,0.000,0.000,4.630,11.090
2024-10-22,0.987,0.918,0.960,1.015,1.064,3.342,0.000,0.000,9.565,19.035,0.630,0.000,0.000,4.627,11.081
2024-10-23,0.988,0.920,0.962,1.017,1.065,3.312,0.000,0.000,9.523,18.996,0.628,0.000,0.000,4.625,11.081
2024-10-24,0.990,0.922,0.964,1.019,1.069,3.275,0.000,0.000,9.497,18.893,0.625,0.000,0.000,4.623,11.081
2024-10-25,0.992,0.923,0.966,1.021,1.072,3.250,0.000,0.000,9.475,18.885,0.620,0.000,0.000,4.622,11.081
2024-10-26,0.996,0.926,0.969,1.025,1.074,3.214,0.000,0.000,9.451,18.897,0.612,0.000,0.000,4.621,11.083
2024-10-27,0.999,0.929,0.971,1.029,1.080,3.183,0.000,0.000,9.428,18.903,0.604,0.000,0.000,4.618,11.085
2024-10-28,1.000,0.930,0.972,1.031,1.084,3.158,0.000,0.000,9.410,18.859,0.597,0.000,0.000,4.611,11.087
2024-10-29,1.001,0.932,0.974,1.032,1.087,3.147,0.000,0.000,9.392,18.862,0.594,0.000,0.000,4.607,11.090
2024-10-30,1.003,0.933,0.975,1.035,1.089,3.130,0.000,0.000,9.369,18.821,0.591,0.000,0.000,4.605,11.093
2024-10-31,1.004,0.936,0.977,1.037,1.092,3.114,0.000,0.000,9.345,18.804,0.587,0.000,0.000,4.603,11.091
2024-11-01,1.005,0.938,0.977,1.038,1.092,3.084,0.000,0.000,9.334,18.816,0.584,0.000,0.000,4.601,11.085
2024-11-02,1.007,0.940,0.979,1.040,1.094,3.073,0.000,0.000,9.332,18.815,0.581,0.000,0.000,4.597,11.079
2024-11-03,1.008,0.942,0.981,1.041,1.097,3.072,0.000,0.000,9.328,18.803,0.577,0.000,0.000,4.593,11.074
2024-11-04,1.009,0.943,0.982,1.042,1.099,3.069,0.000,0.000,9.307,18.789,0.574,0.000,0.000,4.589,11.068
2024-11-05,1.010,0.944,0.982,1.043,1.102,3.061,0.000,0.000,9.299,18.781,0.575,0.000,0.000,4.586,11.069
2024-11-06,1.011,0.945,0.983,1.044,1.102,3.056,0.000,0.000,9.303,18.779,0.575,0.000,0.000,4.586,11.071
2024-11-07,1.011,0.944,0.984,1.044,1.103,3.045,0.000,0.000,9.315,18.763,0.573,0.000,0.000,4.588,11.073
2024-11-08,1.011,0.943,0.984,1.043,1.101,3.037,0.000,0.000,9.341,18.741,0.570,0.000,0.000,4.587,11.075
2024-11-09,1.012,0.943,0.984,1.044,1.102,3.029,0.000,0.000,9.357,18.741,0.571,0.000,0.000,4.586,11.076
2024-11-10,1.013,0.944,0.985,1.045,1.102,3.016,0.000,0.000,9.341,18.749,0.569,0.000,0.000,4.589,11.077
2024-11-11,1.013,0.944,0.986,1.044,1.100,3.024,0.000,0.000,9.349,18.745,0.568,0.000,0.000,4.596,11.078
2024-11-12,1.012,0.945,0.985,1.044,1.098,3.028,0.000,0.000,9.343,18.768,0.569,0.000,0.000,4.602,11.078
2024-11-13,1.012,0.944,0.984,1.043,1.099,3.047,0.000,0.000,9.340,18.762,0.570,0.000,0.000,4.607,11.078
2024-11-14,1.011,0.941,0.984,1.042,1.097,3.065,0.000,0.000,9.348,18.741,0.570,0.000,0.000,4.609,11.078
2024-11-15,1.010,0.939,0.982,1.041,1.096,3.066,0.000,0.000,9.328,18.748,0.570,0.000,0.000,4.614,11.073
2024-11-16,1.010,0.938,0.982,1.040,1.096,3.069,0.000,0.000,9.311,18.765,0.572,0.000,0.000,4.617,11.065
2024-11-17,1.010,0.937,0.981,1.040,1.096,3.082,0.000,0.000,9.314,18.753,0.576,0.000,0.000,4.616,11.068
2024-11-18,1.009,0.935,0.979,1.039,1.095,3.078,0.000,0.000,9.311,18.747,0.575,0.000,0.000,4.612,11.070
2024-11-19,1.007,0.932,0.978,1.037,1.094,3.065,0.000,0.000,9.304,18.772,0.575,0.000,0.000,4.609,11.071
2024-11-20,1.006,0.929,0.978,1.035,1.090,3.041,0.000,0.000,9.315,18.801,0.572,0.000,0.000,4.603,11.071
2024-11-21,1.004,0.929,0.977,1.033,1.086,3.040,0.000,0.000,9.316,18.786,0.572,0.000,0.000,4.599,11.069
2024-11-22,1.002,0.927,0.975,1.031,1.084,3.053,0.000,0.000,9.320,18.762,0.570,0.000,0.000,4.595,11.066
2024-11-23,1.001,0.926,0.973,1.029,1.081,3.052,0.000,0.000,9.329,18.739,0.570,0.000,0.000,4.589,11.064
2024-11-24,1.000,0.925,0.972,1.028,1.080,3.045,0.000,0.000,9.341,18.715,0.571,0.000,0.000,4.585,11.061
2024-11-25,0.998,0.924,0.970,1.026,1.080,3.038,0.000,0.000,9.356,18.722,0.573,0.000,0.000,4.582,11.058
2024-11-26,0.995,0.921,0.968,1.025,1.078,3.032,0.000,0.000,9.356,18.732,0.573,0.000,0.000,4.580,11.054
2024-11-27,0.994,0.918,0.967,1.023,1.075,3.030,0.000,0.000,9.356,18.732,0.574,0.000,0.000,4.576,11.051
2024-11-28,0.993,0.917,0.965,1.022,1.074,3.030,0.000,0.000,9.365,18.753,0.573,0.000,0.000,4.572,11.048
2024-11-29,0.991,0.915,0.964,1.021,1.074,3.031,0.000,0.000,9.365,18.755,0.570,0.000,0.000,4.577,11.044
2024-11-30,0.990,0.912,0.961,1.019,1.071,3.023,0.000,0.000,9.360,18.731,0.571,0.000,0.000,4.579,11.041
2024-12-01,0.989,0.911,0.959,1.017,1.068,2.999,0.000,0.000,9.348,18.705,0.571,0.000,0.000,4.578,11.038
2024-12-02,0.987,0.908,0.957,1.015,1.065,2.977,0.000,0.000,9.329,18.709,0.569,0.000,0.000,4.574,11.035
2024-12-03,0.985,0.907,0.955,1.013,1.062,2.955,0.000,0.000,9.314,18.691,0.566,0.000,0.000,4.571,11.032
2024-12-04,0.983,0.904,0.953,1.011,1.059,2.940,0.000,0.000,9.320,18.645,0.564,0.000,0.000,4.568,11.026
2024-12-05,0.981,0.902,0.951,1.009,1.057,2.914,0.000,0.000,9.309,18.631,0.562,0.000,0.000,4.568,11.016
2024-12-06,0.980,0.898,0.949,1.008,1.055,2.906,0.000,0.000,9.290,18.636,0.558,0.000,0.000,4.567,11.006
2024-12-07,0.979,0.894,0.948,1.008,1.054,2.887,0.000,0.000,9.274,18.610,0.553,0.000,0.000,4.565,11.001
2024-12-08,0.977,0.892,0.947,1.006,1.052,2.879,0.000,0.000,9.242,18.584,0.550,0.000,0.000,4.561,10.999
2024-12-09,0.976,0.891,0.945,1.005,1.051,2.864,0.000,0.000,9.224,18.581,0.547,0.000,0.000,4.557,10.997
2024-12-10,0.975,0.890,0.944,1.005,1.050,2.867,0.000,0.000,9.203,18.583,0.546,0.000,0.000,4.555,10.994
2024-12-11,0.974,0.889,0.943,1.003,1.050,2.857,0.000,0.000,9.168,18.563,0.541,0.000,0.000,4.557,10.992
2024-12-12,0.974,0.888,0.943,1.003,1.048,2.855,0.000,0.000,9.151,18.550,0.542,0.000,0.000,4.560,10.989
2024-12-13,0.973,0.887,0.942,1.003,1.048,2.848,0.000,0.000,9.120,18.529,0.544,0.000,0.000,4.560,10.986
2024-12-14,0.974,0.886,0.942,1.002,1.050,2.815,0.000,0.000,9.082,18.477,0.541,0.000,0.000,4.560,10.983
2024-12-15,0.974,0.887,0.942,1.003,1.051,2.792,0.000,0.000,9.036,18.450,0.536,0.000,0.000,4.560,10.979
2024-12-16,0.974,0.887,0.942,1.004,1.052,2.787,0.000,0.000,9.007,18.442,0.532,0.000,0.000,4.560,10.975
2024-12-17,0.974,0.887,0.943,1.004,1.055,2.752,0.000,0.000,8.988,18.435,0.528,0.000,0.000,4.555,10.971
2024-12-18,0.975,0.889,0.944,1.005,1.057,2.713,0.000,0.000,8.944,18.422,0.525,0.000,0.000,4.547,10.966
2024-12-19,0.976,0.892,0.945,1.007,1.058,2.688,0.000,0.000,8.920,18.399,0.522,0.000,0.000,4.543,10.963
2024-12-20,0.977,0.894,0.947,1.008,1.060,2.664,0.000,0.000,8.908,18.368,0.517,0.000,0.000,4.538,10.962
2024-12-21,0.979,0.897,0.949,1.010,1.062,2.661,0.000,0.000,8.867,18.352,0.513,0.000,0.000,4.528,10.956
2024-12-22,0.981,0.899,0.950,1.012,1.065,2.618,0.000,0.000,8.839,18.330,0.514,0.000,0.000,4.522,10.950
2024-12-23,0.983,0.900,0.951,1.014,1.068,2.593,0.000,0.000,8.830,18.305,0.510,0.000,0.000,4.524,10.944
2024-12-24,0.984,0.903,0.953,1.017,1.072,2.562,0.000,0.000,8.787,18.276,0.503,0.000,0.000,4.524,10.938
2024-12-25,0.986,0.905,0.955,1.020,1.076,2.550,0.000,0.000,8.751,18.247,0.498,0.000,0.000,4.520,10.931
2024-12-26,0.987,0.906,0.956,1.023,1.080,2.543,0.000,0.000,8.702,18.220,0.495,0.000,0.000,4.510,10.925
2024-12-27,0.989,0.907,0.957,1.025,1.085,2.524,0.000,0.000,8.669,18.191,0.494,0.000,0.000,4.500,10.918
2024-12-28,0.991,0.909,0.957,1.028,1.088,2.507,0.000,0.000,8.635,18.159,0.491,0.000,0.000,4.496,10.914
2024-12-29,0.992,0.910,0.959,1.030,1.092,2.492,0.000,0.000,8.618,18.127,0.486,0.000,0.000,4.497,10.915
2024-12-30,0.994,0.911,0.961,1.032,1.094,2.470,0.000,0.000,8.609,18.095,0.480,0.000,0.000,4.496,10.915
2024-12-31,0.994,0.913,0.961,1.033,1.095,2.462,0.000,0.000,8.571,18.064,0.475,0.000,0.000,4.488,10.915
2025-01-01,0.996,0.913,0.961,1.033,1.096,2.442,0.000,0.000,8.556,18.045,0.470,0.000,0.000,4.478,10.915
2025-01-02,0.996,0.913,0.961,1.035,1.097,2.424,0.000,0.000,8.530,18.052,0.465,0.000,0.000,4.472,10.915
2025-01-03,0.996,0.912,0.961,1.036,1.099,2.401,0.000,0.000,8.502,18.020,0.463,0.000,0.000,4.470,10.916
2025-01-04,0.996,0.911,0.962,1.036,1.099,2.378,0.000,0.000,8.492,17.988,0.462,0.000,0.000,4.458,10.915
2025-01-05,0.996,0.910,0.961,1.036,1.101,2.347,0.000,0.000,8.467,17.977,0.465,0.000,0.000,4.452,10.909
2025-01-06,0.995,0.909,0.961,1.034,1.102,2.338,0.000,0.000,8.456,17.961,0.466,0.000,0.000,4.450,10.908
2025-01-07,0.994,0.906,0.960,1.033,1.101,2.337,0.000,0.000,8.429,17.924,0.465,0.000,0.000,4.445,10.909
2025-01-08,0.992,0.904,0.959,1.031,1.098,2.321,0.000,0.000,8.401,17.911,0.462,0.000,0.000,4.440,10.910
2025-01-09,0.991,0.902,0.957,1.029,1.095,2.309,0.000,0.000,8.380,17.909,0.454,0.000,0.000,4.439,10.911
2025-01-10,0.989,0.900,0.956,1.026,1.089,2.297,0.000,0.000,8.362,17.909,0.451,0.000,0.000,4.437,10.912
2025-01-11,0.987,0.899,0.954,1.023,1.085,2.275,0.000,0.000,8.354,17.907,0.449,0.000,0.000,4.435,10.914
2025-01-12,0.985,0.897,0.952,1.020,1.081,2.255,0.000,0.000,8.350,17.907,0.446,0.000,0.000,4.434,10.914
2025-01-13,0.982,0.896,0.949,1.017,1.077,2.232,0.000,0.000,8.341,17.907,0.443,0.000,0.000,4.432,10.914
2025-01-14,0.980,0.892,0.945,1.014,1.072,2.217,0.000,0.000,8.330,17.900,0.444,0.000,0.000,4.436,10.913
2025-01-15,0.976,0.887,0.942,1.010,1.068,2.200,0.000,0.000,8.321,17.856,0.442,0.000,0.000,4.434,10.913
2025-01-16,0.973,0.883,0.938,1.006,1.065,2.184,0.000,0.000,8.325,17.798,0.440,0.000,0.000,4.428,10.912
2025-01-17,0.969,0.878,0.935,1.003,1.059,2.151,0.000,0.000,8.304,17.742,0.439,0.000,0.000,4.427,10.912
2025-01-18,0.965,0.872,0.931,0.999,1.054,2.129,0.000,0.000,8.300,17.733,0.437,0.000,0.000,4.424,10.911
2025-01-19,0.962,0.868,0.927,0.995,1.048,2.119,0.000,0.000,8.282,17.739,0.434,0.000,0.000,4.419,10.911
2025-01-20,0.958,0.863,0.923,0.991,1.042,2.102,0.000,0.000,8.281,17.731,0.431,0.000,0.000,4.416,10.910
2025-01-21,0.954,0.858,0.918,0.987,1.037,2.082,0.000,0.000,8.271,17.679,0.426,0.000,0.000,4.413,10.910
2025-01-22,0.950,0.851,0.914,0.983,1.033,2.057,0.000,0.000,8.270,17.674,0.422,0.000,0.000,4.407,10.909
2025-01-23,0.946,0.846,0.909,0.980,1.029,2.038,0.000,0.000,8.263,17.655,0.420,0.000,0.000,4.401,10.908
2025-01-24,0.942,0.838,0.903,0.977,1.025,2.026,0.000,0.000,8.250,17.635,0.417,0.000,0.000,4.396,10.907
2025-01-25,0.939,0.830,0.898,0.975,1.024,1.997,0.000,0.000,8.252,17.605,0.417,0.000,0.000,4.391,10.905
2025-01-26,0.935,0.820,0.894,0.972,1.022,1.967,0.000,0.000,8.245,17.584,0.418,0.000,0.000,4.386,10.903
2025-01-27,0.931,0.812,0.889,0.970,1.021,1.954,0.000,0.000,8.221,17.581,0.417,0.000,0.000,4.382,10.901
2025-01-28,0.927,0.804,0.884,0.968,1.018,1.925,0.000,0.000,8.199,17.574,0.415,0.000,0.000,4.381,10.898
2025-01-29,0.925,0.797,0.878,0.966,1.016,1.905,0.000,0.000,8.167,17.572,0.412,0.000,0.000,4.381,10.895
2025-01-30,0.921,0.791,0.873,0.963,1.015,1.886,0.000,0.000,8.149,17.555,0.410,0.000,0.000,4.381,10.891
2025-01-31,0.919,0.785,0.868,0.961,1.015,1.854,0.000,0.000,8.135,17.536,0.406,0.000,0.000,4.380,10.886
2025-02-01,0.916,0.778,0.864,0.959,1.015,1.838,0.000,0.000,8.122,17.523,0.400,0.000,0.000,4.373,10.881
2025-02-02,0.913,0.772,0.861,0.958,1.015,1.819,0.000,0.000,8.103,17.497,0.394,0.000,0.000,4.364,10.876
2025-02-03,0.911,0.762,0.857,0.956,1.015,1.794,0.000,0.000,8.082,17.461,0.387,0.000,0.000,4.362,10.870
2025-02-04,0.908,0.757,0.854,0.956,1.016,1.784,0.000,0.000,8.077,17.435,0.383,0.000,0.000,4.357,10.864
2025-02-05,0.907,0.749,0.851,0.954,1.019,1.763,0.000,0.000,8.067,17.395,0.374,0.000,0.000,4.355,10.858
2025-02-06,0.904,0.742,0.848,0.954,1.021,1.732,0.000,0.000,8.052,17.334,0.366,0.000,0.000,4.344,10.843
2025-02-07,0.903,0.736,0.844,0.955,1.022,1.713,0.000,0.000,8.007,17.310,0.363,0.000,0.000,4.331,10.841
2025-02-08,0.901,0.731,0.841,0.955,1.024,1.687,0.000,0.000,7.969,17.299,0.358,0.000,0.000,4.322,10.836
2025-02-09,0.900,0.727,0.838,0.955,1.027,1.652,0.000,0.000,7.951,17.285,0.351,0.000,0.000,4.311,10.830
2025-02-10,0.900,0.722,0.833,0.956,1.030,1.620,0.000,0.000,7.927,17.268,0.342,0.000,0.000,4.303,10.821
2025-02-11,0.900,0.712,0.831,0.957,1.033,1.584,0.000,0.000,7.902,17.247,0.335,0.000,0.000,4.296,10.809
2025-02-12,0.900,0.707,0.829,0.958,1.036,1.552,0.000,0.000,7.872,17.220,0.329,0.000,0.000,4.288,10.795
2025-02-13,0.901,0.701,0.827,0.960,1.039,1.524,0.000,0.000,7.830,17.187,0.320,0.000,0.000,4.280,10.778
2025-02-14,0.901,0.696,0.825,0.961,1.044,1.496,0.000,0.000,7.784,17.146,0.312,0.000,0.000,4.270,10.757
2025-02-15,0.902,0.693,0.824,0.963,1.048,1.461,0.000,0.000,7.734,17.094,0.303,0.000,0.000,4.262,10.732
2025-02-16,0.903,0.691,0.823,0.966,1.054,1.443,0.000,0.000,7.691,16.983,0.296,0.000,0.000,4.250,10.707
2025-02-17,0.905,0.688,0.824,0.970,1.060,1.419,0.000,0.000,7.631,16.908,0.291,0.000,0.000,4.234,10.677
2025-02-18,0.907,0.683,0.824,0.973,1.067,1.395,0.000,0.000,7.569,16.790,0.285,0.000,0.000,4.215,10.641
2025-02-19,0.909,0.683,0.824,0.978,1.075,1.364,0.000,0.000,7.518,16.680,0.281,0.000,0.000,4.190,10.598
2025-02-20,0.912,0.681,0.824,0.981,1.082,1.329,0.000,0.000,7.448,16.554,0.275,0.000,0.000,4.165,10.546
2025-02-21,0.916,0.682,0.826,0.985,1.087,1.297,0.000,0.000,7.360,16.405,0.271,0.000,0.000,4.138,10.486
2025-02-22,0.919,0.683,0.830,0.988,1.092,1.266,0.000,0.000,7.260,16.220,0.267,0.000,0.000,4.107,10.415
2025-02-23,0.922,0.689,0.834,0.992,1.097,1.222,0.000,0.000,7.152,15.992,0.262,0.000,0.000,4.070,10.332
2025-02-24,0.926,0.696,0.840,0.994,1.099,1.186,0.000,0.000,7.041,15.752,0.258,0.000,0.000,4.027,10.237
2025-02-25,0.931,0.706,0.847,0.997,1.100,1.146,0.000,0.000,6.912,15.473,0.252,0.000,0.000,3.981,10.130
2025-02-26,0.936,0.719,0.855,1.000,1.099,1.112,0.000,0.000,6.769,15.156,0.246,0.000,0.000,3.926,10.009
2025-02-27,0.942,0.734,0.864,1.004,1.098,1.074,0.000,0.000,6.616,14.811,0.240,0.000,0.000,3.867,9.876
2025-02-28,0.948,0.751,0.874,1.007,1.097,1.041,0.000,0.000,6.451,14.456,0.238,0.000,0.000,3.802,9.733
2025-03-01,0.955,0.769,0.886,1.010,1.096,1.007,0.000,0.000,6.283,14.058,0.234,0.000,0.000,3.734,9.582
2025-03-02,0.962,0.788,0.897,1.014,1.095,0.968,0.000,0.000,6.115,13.660,0.228,0.000,0.000,3.666,9.427
2025-03-03,0.968,0.808,0.909,1.017,1.094,0.936,0.000,0.000,5.941,13.262,0.222,0.000,0.000,3.597,9.271
2025-03-04,0.975,0.827,0.920,1.020,1.093,0.913,0.000,0.000,5.772,12.862,0.217,0.000,0.000,3.529,9.117
2025-03-05,0.982,0.846,0.931,1.024,1.092,0.898,0.000,0.000,5.615,12.466,0.216,0.000,0.000,3.467,8.970
2025-03-06,0.989,0.865,0.942,1.027,1.092,0.882,0.000,0.000,5.467,12.097,0.213,0.000,0.000,3.407,8.832
2025-03-07,0.994,0.882,0.952,1.030,1.092,0.863,0.000,0.000,5.329,11.777,0.211,0.000,0.000,3.351,8.705
2025-03-08,1.000,0.898,0.961,1.033,1.091,0.847,0.000,0.000,5.206,11.485,0.210,0.000,0.000,3.300,8.592
2025-03-09,1.004,0.911,0.969,1.037,1.094,0.832,0.000,0.000,5.095,11.220,0.208,0.000,0.000,3.256,8.492
2025-03-10,1.009,0.924,0.976,1.040,1.097,0.820,0.000,0.000,5.003,10.990,0.206,0.000,0.000,3.216,8.405
2025-03-11,1.012,0.933,0.981,1.044,1.102,0.813,0.000,0.000,4.925,10.796,0.207,0.000,0.000,3.183,8.331
2025-03-12,1.016,0.941,0.986,1.047,1.105,0.803,0.000,0.000,4.857,10.634,0.206,0.000,0.000,3.156,8.268
2025-03-13,1.020,0.948,0.991,1.050,1.108,0.797,0.000,0.000,4.802,10.496,0.206,0.000,0.000,3.132,8.215
2025-03-14,1.023,0.955,0.995,1.052,1.109,0.796,0.000,0.000,4.755,10.383,0.206,0.000,0.000,3.113,8.172
2025-03-15,1.025,0.962,0.999,1.054,1.110,0.792,0.000,0.000,4.715,10.291,0.205,0.000,0.000,3.097,8.136
2025-03-16,1.028,0.969,1.004,1.055,1.109,0.791,0.000,0.000,4.683,10.216,0.205,0.000,0.000,3.084,8.106
2025-03-17,1.031,0.974,1.007,1.056,1.110,0.790,0.000,0.000,4.657,10.157,0.205,0.000,0.000,3.073,8.083
2025-03-18,1.032,0.978,1.010,1.057,1.110,0.790,0.000,0.000,4.637,10.108,0.205,0.000,0.000,3.065,8.063
2025-03-19,1.034,0.982,1.013,1.058,1.111,0.789,0.000,0.000,4.622,10.069,0.205,0.000,0.000,3.058,8.048
2025-03-20,1.036,0.985,1.015,1.058,1.112,0.790,0.000,0.000,4.612,10.038,0.206,0.000,0.000,3.052,8.035
2025-03-21,1.038,0.988,1.017,1.060,1.114,0.790,0.000,0.000,4.607,10.012,0.206,0.000,0.000,3.048,8.025
2025-03-22,1.039,0.991,1.020,1.061,1.116,0.791,0.000,0.000,4.601,9.992,0.206,0.000,0.000,3.044,8.017
2025-03-23,1.041,0.994,1.021,1.062,1.117,0.792,0.000,0.000,4.599,9.977,0.207,0.000,0.000,3.041,8.011
2025-03-24,1.041,0.996,1.023,1.063,1.119,0.791,0.000,0.000,4.598,9.965,0.207,0.000,0.000,3.039,8.006
2025-03-25,1.043,0.998,1.024,1.064,1.120,0.792,0.000,0.000,4.597,9.957,0.207,0.000,0.000,3.037,8.002
2025-03-26,1.044,1.000,1.025,1.065,1.122,0.795,0.000,0.000,4.597,9.950,0.208,0.000,0.000,3.036,7.999
2025-03-27,1.045,1.001,1.026,1.066,1.122,0.797,0.000,0.000,4.599,9.944,0.208,0.000,0.000,3.035,7.996
2025-03-28,1.046,1.004,1.028,1.067,1.123,0.798,0.000,0.000,4.594,9.917,0.208,0.000,0.000,3.030,7.986
2025-03-29,1.047,1.005,1.029,1.067,1.124,0.801,0.000,0.000,4.603,9.919,0.209,0.000,0.000,3.030,7.986
2025-03-30,1.048,1.006,1.030,1.068,1.127,0.803,0.000,0.000,4.612,9.920,0.209,0.000,0.000,3.030,7.986
2025-03-31,1.048,1.007,1.031,1.069,1.129,0.805,0.000,0.000,4.616,9.922,0.209,0.000,0.000,3.030,7.987
2025-04-01,1.049,1.008,1.032,1.070,1.130,0.807,0.000,0.000,4.619,9.923,0.210,0.000,0.000,3.030,7.987
2025-04-02,1.049,1.009,1.032,1.070,1.131,0.813,0.000,0.000,4.626,9.924,0.210,0.000,0.000,3.031,7.987
2025-04-03,1.049,1.009,1.033,1.070,1.129,0.819,0.000,0.000,4.638,9.927,0.211,0.000,0.000,3.033,7.988
2025-04-04,1.050,1.010,1.033,1.071,1.131,0.826,0.000,0.000,4.643,9.932,0.211,0.000,0.000,3.034,7.988
2025-04-05,1.051,1.012,1.034,1.071,1.130,0.833,0.000,0.000,4.645,9.937,0.211,0.000,0.000,3.035,7.989
2025-04-06,1.051,1.012,1.035,1.072,1.129,0.840,0.000,0.000,4.650,9.943,0.212,0.000,0.000,3.036,7.989
2025-04-07,1.051,1.013,1.035,1.072,1.130,0.847,0.000,0.000,4.655,9.948,0.212,0.000,0.000,3.036,7.989
2025-04-08,1.052,1.013,1.036,1.072,1.130,0.853,0.000,0.000,4.664,9.954,0.213,0.000,0.000,3.037,7.990
2025-04-09,1.052,1.014,1.036,1.073,1.129,0.857,0.000,0.000,4.674,9.959,0.213,0.000,0.000,3.037,7.990
2025-04-10,1.052,1.014,1.036,1.073,1.128,0.864,0.000,0.000,4.678,9.965,0.213,0.000,0.000,3.038,7.991
2025-04-11,1.052,1.014,1.036,1.073,1.128,0.873,0.000,0.000,4.687,9.970,0.214,0.000,0.000,3.038,7.991
2025-04-12,1.053,1.014,1.037,1.073,1.129,0.877,0.000,0.000,4.691,9.976,0.214,0.000,0.000,3.039,7.992
2025-04-13,1.053,1.015,1.037,1.073,1.126,0.882,0.000,0.000,4.700,9.982,0.215,0.000,0.000,3.040,7.992
2025-04-14,1.053,1.015,1.037,1.073,1.125,0.888,0.000,0.000,4.707,9.989,0.215,0.000,0.000,3.040,7.993
2025-04-15,1.053,1.015,1.037,1.072,1.123,0.892,0.000,0.000,4.713,9.997,0.216,0.000,0.000,3.041,7.993
2025-04-16,1.053,1.015,1.037,1.072,1.122,0.896,0.000,0.000,4.724,10.000,0.216,0.000,0.000,3.042,7.994
2025-04-17,1.053,1.015,1.038,1.072,1.120,0.902,0.000,0.000,4.730,10.004,0.217,0.000,0.000,3.042,7.994
2025-04-18,1.053,1.014,1.037,1.072,1.118,0.910,0.000,0.000,4.740,10.010,0.217,0.000,0.000,3.043,7.995
2025-04-19,1.053,1.014,1.038,1.072,1.116,0.915,0.000,0.000,4.752,10.021,0.218,0.000,0.000,3.044,7.995
2025-04-20,1.053,1.013,1.038,1.071,1.115,0.919,0.000,0.000,4.757,10.030,0.218,0.000,0.000,3.045,7.996
2025-04-21,1.053,1.013,1.038,1.071,1.113,0.923,0.000,0.000,4.762,10.041,0.219,0.000,0.000,3.045,7.996
2025-04-22,1.053,1.012,1.038,1.071,1.111,0.928,0.000,0.000,4.766,10.052,0.219,0.000,0.000,3.046,7.997
2025-04-23,1.053,1.012,1.038,1.070,1.109,0.934,0.000,0.000,4.771,10.062,0.220,0.000,0.000,3.047,7.997
2025-04-24,1.053,1.011,1.038,1.070,1.108,0.940,0.000,0.000,4.776,10.065,0.220,0.000,0.000,3.047,7.998
2025-04-25,1.053,1.009,1.037,1.069,1.106,0.949,0.000,0.000,4.780,10.068,0.221,0.000,0.000,3.048,7.998
2025-04-26,1.053,1.007,1.037,1.069,1.105,0.959,0.000,0.000,4.785,10.071,0.221,0.000,0.000,3.048,7.999
2025-04-27,1.053,1.006,1.037,1.068,1.103,0.969,0.000,0.000,4.793,10.074,0.222,0.000,0.000,3.049,7.999
2025-04-28,1.052,1.005,1.037,1.068,1.102,0.977,0.000,0.000,4.800,10.077,0.222,0.000,0.000,3.049,8.000
2025-04-29,1.052,1.003,1.036,1.068,1.101,0.983,0.000,0.000,4.809,10.080,0.223,0.000,0.000,3.050,8.001
2025-04-30,1.051,1.001,1.036,1.067,1.101,0.989,0.000,0.000,4.818,10.083,0.223,0.000,0.000,3.051,8.001
2025-05-01,1.051,0.999,1.035,1.067,1.100,0.995,0.000,0.000,4.829,10.086,0.224,0.000,0.000,3.051,8.002
2025-05-02,1.051,0.997,1.035,1.067,1.098,1.003,0.000,0.000,4.836,10.090,0.225,0.000,0.000,3.052,8.002
2025-05-03,1.051,0.996,1.034,1.067,1.097,1.011,0.000,0.000,4.846,10.093,0.226,0.000,0.000,3.052,8.003
2025-05-04,1.051,0.994,1.034,1.066,1.096,1.018,0.000,0.000,4.855,10.097,0.227,0.000,0.000,3.053,8.003
2025-05-05,1.051,0.991,1.033,1.066,1.095,1.025,0.000,0.000,4.859,10.101,0.228,0.000,0.000,3.054,8.004
2025-05-06,1.050,0.988,1.032,1.066,1.094,1.032,0.000,0.000,4.867,10.105,0.229,0.000,0.000,3.054,8.004
2025-05-07,1.049,0.985,1.032,1.066,1.094,1.038,0.000,0.000,4.873,10.113,0.230,0.000,0.000,3.055,8.005
2025-05-08,1.049,0.984,1.031,1.066,1.093,1.045,0.000,0.000,4.878,10.122,0.231,0.000,0.000,3.056,8.005
2025-05-09,1.049,0.982,1.030,1.066,1.093,1.050,0.000,0.000,4.884,10.131,0.232,0.000,0.000,3.056,8.006
2025-05-10,1.049,0.979,1.030,1.066,1.093,1.061,0.000,0.000,4.892,10.140,0.233,0.000,0.000,3.057,8.006
2025-05-11,1.050,0.978,1.030,1.066,1.093,1.068,0.000,0.000,4.900,10.149,0.234,0.000,0.000,3.058,8.007
2025-05-12,1.049,0.977,1.030,1.066,1.093,1.069,0.000,0.000,4.907,10.159,0.235,0.000,0.000,3.059,8.007
2025-05-13,1.049,0.976,1.030,1.066,1.093,1.074,0.000,0.000,4.915,10.168,0.236,0.000,0.000,3.061,8.008
2025-05-14,1.049,0.975,1.030,1.066,1.093,1.082,0.000,0.000,4.921,10.178,0.237,0.000,0.000,3.063,8.008
2025-05-15,1.049,0.976,1.030,1.066,1.094,1.091,0.000,0.000,4.926,10.183,0.238,0.000,0.000,3.066,8.009
2025-05-16,1.049,0.976,1.030,1.066,1.094,1.101,0.000,0.000,4.934,10.185,0.239,0.000,0.000,3.068,8.009
2025-05-17,1.050,0.975,1.030,1.067,1.094,1.114,0.000,0.000,4.940,10.186,0.240,0.000,0.000,3.070,8.010
2025-05-18,1.050,0.975,1.030,1.067,1.094,1.126,0.000,0.000,4.946,10.187,0.241,0.000,0.000,3.071,8.011
2025-05-19,1.051,0.975,1.030,1.067,1.094,1.133,0.000,0.000,4.950,10.194,0.243,0.000,0.000,3.073,8.011
2025-05-20,1.051,0.976,1.031,1.068,1.095,1.138,0.000,0.000,4.954,10.194,0.244,0.000,0.000,3.075,8.012
2025-05-21,1.051,0.977,1.031,1.068,1.096,1.145,0.000,0.000,4.960,10.199,0.245,0.000,0.000,3.076,8.013
2025-05-22,1.052,0.978,1.031,1.068,1.096,1.154,0.000,0.000,4.971,10.212,0.246,0.000,0.000,3.077,8.014
2025-05-23,1.052,0.977,1.031,1.068,1.096,1.166,0.000,0.000,4.982,10.225,0.247,0.000,0.000,3.079,8.015
2025-05-24,1.052,0.978,1.032,1.069,1.097,1.179,0.000,0.000,4.991,10.239,0.248,0.000,0.000,3.081,8.015
2025-05-25,1.053,0.980,1.033,1.069,1.097,1.187,0.000,0.000,5.000,10.253,0.249,0.000,0.000,3.083,8.016
2025-05-26,1.053,0.982,1.033,1.070,1.098,1.194,0.000,0.000,5.008,10.267,0.250,0.000,0.000,3.085,8.017
2025-05-27,1.054,0.984,1.034,1.070,1.098,1.202,0.000,0.000,5.019,10.281,0.252,0.000,0.000,3.087,8.018
2025-05-28,1.054,0.986,1.035,1.071,1.098,1.213,0.000,0.000,5.029,10.296,0.253,0.000,0.000,3.089,8.020
2025-05-29,1.054,0.987,1.035,1.071,1.099,1.224,0.000,0.000,5.042,10.310,0.253,0.000,0.000,3.090,8.021
2025-05-30,1.055,0.988,1.036,1.072,1.099,1.231,0.000,0.000,5.051,10.324,0.253,0.000,0.000,3.091,8.022
2025-05-31,1.055,0.990,1.037,1.072,1.100,1.243,0.000,0.000,5.057,10.338,0.254,0.000,0.000,3.091,8.023
2025-06-01,1.056,0.992,1.038,1.073,1.101,1.252,0.000,0.000,5.061,10.348,0.255,0.000,0.000,3.092,8.024
2025-06-02,1.056,0.994,1.039,1.073,1.102,1.264,0.000,0.000,5.071,10.355,0.255,0.000,0.000,3.094,8.026
2025-06-03,1.057,0.996,1.039,1.074,1.102,1.273,0.000,0.000,5.085,10.363,0.256,0.000,0.000,3.095,8.027
2025-06-04,1.057,0.997,1.040,1.074,1.103,1.286,0.000,0.000,5.092,10.390,0.257,0.000,0.000,3.096,8.029
2025-06-05,1.058,0.998,1.041,1.074,1.104,1.298,0.000,0.000,5.101,10.408,0.259,0.000,0.000,3.096,8.030
2025-06-06,1.059,1.001,1.041,1.075,1.104,1.309,0.000,0.000,5.116,10.422,0.260,0.000,0.000,3.097,8.031
2025-06-07,1.060,1.002,1.043,1.076,1.105,1.315,0.000,0.000,5.118,10.435,0.261,0.000,0.000,3.098,8.033
2025-06-08,1.061,1.004,1.043,1.077,1.108,1.320,0.000,0.000,5.123,10.448,0.262,0.000,0.000,3.098,8.035
2025-06-09,1.061,1.007,1.044,1.077,1.109,1.328,0.000,0.000,5.137,10.455,0.264,0.000,0.000,3.098,8.036
2025-06-10,1.062,1.010,1.045,1.078,1.110,1.335,0.000,0.000,5.150,10.462,0.265,0.000,0.000,3.098,8.038
2025-06-11,1.062,1.012,1.046,1.079,1.111,1.343,0.000,0.000,5.166,10.469,0.266,0.000,0.000,3.100,8.039
2025-06-12,1.063,1.015,1.047,1.080,1.112,1.356,0.000,0.000,5.177,10.476,0.268,0.000,0.000,3.101,8.041
2025-06-13,1.064,1.017,1.048,1.081,1.114,1.367,0.000,0.000,5.195,10.483,0.271,0.000,0.000,3.103,8.043
2025-06-14,1.065,1.019,1.049,1.082,1.115,1.380,0.000,0.000,5.208,10.490,0.274,0.000,0.000,3.105,8.044
2025-06-15,1.066,1.021,1.049,1.083,1.118,1.396,0.000,0.000,5.216,10.497,0.276,0.000,0.000,3.107,8.046
2025-06-16,1.067,1.022,1.050,1.084,1.119,1.407,0.000,0.000,5.227,10.504,0.279,0.000,0.000,3.108,8.048
2025-06-17,1.067,1.023,1.051,1.085,1.122,1.423,0.000,0.000,5.239,10.512,0.282,0.000,0.000,3.110,8.049
2025-06-18,1.068,1.024,1.051,1.086,1.123,1.437,0.000,0.000,5.248,10.524,0.283,0.000,0.000,3.111,8.051
2025-06-19,1.068,1.025,1.052,1.087,1.124,1.449,0.000,0.000,5.259,10.538,0.285,0.000,0.000,3.113,8.052
2025-06-20,1.069,1.026,1.052,1.088,1.127,1.459,0.000,0.000,5.274,10.546,0.287,0.000,0.000,3.114,8.054
2025-06-21,1.069,1.028,1.053,1.089,1.128,1.471,0.000,0.000,5.288,10.554,0.290,0.000,0.000,3.115,8.056
2025-06-22,1.070,1.029,1.053,1.090,1.129,1.483,0.000,0.000,5.296,10.562,0.291,0.000,0.000,3.116,8.057
2025-06-23,1.071,1.030,1.054,1.091,1.130,1.495,0.000,0.000,5.309,10.571,0.293,0.000,0.000,3.117,8.059
2025-06-24,1.071,1.030,1.054,1.092,1.132,1.508,0.000,0.000,5.324,10.580,0.294,0.000,0.000,3.119,8.061
2025-06-25,1.072,1.030,1.055,1.093,1.133,1.522,0.000,0.000,5.341,10.588,0.296,0.000,0.000,3.120,8.062
2025-06-26,1.072,1.031,1.055,1.093,1.135,1.540,0.000,0.000,5.347,10.593,0.297,0.000,0.000,3.122,8.064
2025-06-27,1.073,1.031,1.055,1.094,1.137,1.554,0.000,0.000,5.355,10.598,0.299,0.000,0.000,3.124,8.066
2025-06-28,1.073,1.032,1.056,1.095,1.139,1.569,0.000,0.000,5.372,10.616,0.300,0.000,0.000,3.127,8.067
2025-06-29,1.074,1.032,1.056,1.096,1.139,1.587,0.000,0.000,5.384,10.646,0.301,0.000,0.000,3.129,8.069
2025-06-30,1.074,1.032,1.056,1.097,1.141,1.605,0.000,0.000,5.396,10.660,0.303,0.000,0.000,3.132,8.071
2025-07-01,1.074,1.032,1.056,1.097,1.142,1.620,0.000,0.000,5.411,10.668,0.305,0.000,0.000,3.134,8.073
2025-07-02,1.074,1.032,1.056,1.098,1.144,1.630,0.000,0.000,5.428,10.677,0.307,0.000,0.000,3.137,8.074
2025-07-03,1.075,1.032,1.056,1.099,1.146,1.646,0.000,0.000,5.446,10.685,0.309,0.000,0.000,3.140,8.076
2025-07-04,1.075,1.032,1.056,1.099,1.147,1.660,0.000,0.000,5.465,10.694,0.311,0.000,0.000,3.142,8.078
2025-07-05,1.075,1.031,1.056,1.100,1.148,1.674,0.000,0.000,5.481,10.727,0.312,0.000,0.000,3.144,8.080
2025-07-06,1.075,1.031,1.056,1.101,1.150,1.693,0.000,0.000,5.498,10.740,0.314,0.000,0.000,3.147,8.082
2025-07-07,1.075,1.030,1.055,1.101,1.152,1.714,0.000,0.000,5.525,10.753,0.316,0.000,0.000,3.149,8.083
2025-07-08,1.075,1.028,1.055,1.101,1.153,1.726,0.000,0.000,5.545,10.766,0.319,0.000,0.000,3.151,8.085
2025-07-09,1.075,1.027,1.055,1.101,1.154,1.740,0.000,0.000,5.562,10.779,0.321,0.000,0.000,3.152,8.087
2025-07-10,1.074,1.026,1.054,1.102,1.155,1.757,0.000,0.000,5.577,10.793,0.324,0.000,0.000,3.154,8.089
2025-07-11,1.074,1.025,1.054,1.102,1.156,1.771,0.000,0.000,5.593,10.807,0.326,0.000,0.000,3.155,8.091
2025-07-12,1.074,1.024,1.053,1.102,1.157,1.786,0.000,0.000,5.611,10.822,0.328,0.000,0.000,3.156,8.092
2025-07-13,1.074,1.023,1.053,1.102,1.159,1.816,0.000,0.000,5.642,10.853,0.331,0.000,0.000,3.159,8.094
2025-07-14,1.073,1.022,1.052,1.102,1.159,1.832,0.000,0.000,5.652,10.884,0.333,0.000,0.000,3.162,8.096
2025-07-15,1.073,1.020,1.052,1.102,1.160,1.848,0.000,0.000,5.673,10.914,0.335,0.000,0.000,3.165,8.097
2025-07-16,1.072,1.018,1.051,1.102,1.161,1.870,0.000,0.000,5.693,10.944,0.337,0.000,0.000,3.168,8.099
2025-07-17,1.072,1.016,1.050,1.102,1.164,1.888,0.000,0.000,5.711,10.973,0.338,0.000,0.000,3.171,8.101
2025-07-18,1.072,1.014,1.049,1.102,1.164,1.908,0.000,0.000,5.726,11.001,0.339,0.000,0.000,3.173,8.103
2025-07-19,1.072,1.012,1.049,1.102,1.166,1.923,0.000,0.000,5.745,11.020,0.341,0.000,0.000,3.174,8.104
2025-07-20,1.071,1.010,1.048,1.102,1.168,1.941,0.000,0.000,5.762,11.034,0.345,0.000,0.000,3.175,8.106
2025-07-21,1.071,1.008,1.047,1.101,1.170,1.960,0.000,0.000,5.783,11.054,0.347,0.000,0.000,3.176,8.108
2025-07-22,1.070,1.006,1.046,1.102,1.174,1.982,0.000,0.000,5.804,11.066,0.349,0.000,0.000,3.177,8.110
2025-07-23,1.069,1.004,1.045,1.102,1.175,1.996,0.000,0.000,5.832,11.086,0.352,0.000,0.000,3.180,8.112
2025-07-24,1.069,1.001,1.044,1.102,1.176,2.013,0.000,0.000,5.848,11.100,0.355,0.000,0.000,3.183,8.117
2025-07-25,1.068,0.999,1.043,1.102,1.177,2.035,0.000,0.000,5.863,11.113,0.358,0.000,0.000,3.186,8.123
2025-07-26,1.068,0.996,1.042,1.101,1.176,2.057,0.000,0.000,5.887,11.133,0.360,0.000,0.000,3.188,8.129
2025-07-27,1.068,0.993,1.042,1.102,1.179,2.079,0.000,0.000,5.904,11.140,0.363,0.000,0.000,3.189,8.134
2025-07-28,1.067,0.990,1.041,1.102,1.179,2.100,0.000,0.000,5.921,11.150,0.366,0.000,0.000,3.190,8.141
2025-07-29,1.067,0.988,1.041,1.101,1.180,2.115,0.000,0.000,5.942,11.161,0.370,0.000,0.000,3.191,8.147
2025-07-30,1.066,0.985,1.040,1.101,1.181,2.143,0.000,0.000,5.961,11.178,0.373,0.000,0.000,3.192,8.154
2025-07-31,1.066,0.984,1.040,1.101,1.182,2.166,0.000,0.000,5.989,11.190,0.376,0.000,0.000,3.193,8.161
2025-08-01,1.065,0.983,1.039,1.100,1.182,2.198,0.000,0.000,6.012,11.219,0.379,0.000,0.000,3.193,8.168
2025-08-02,1.065,0.983,1.038,1.100,1.182,2.230,0.000,0.000,6.042,11.260,0.383,0.000,0.000,3.194,8.175
2025-08-03,1.065,0.983,1.038,1.100,1.181,2.252,0.000,0.000,6.057,11.282,0.385,0.000,0.000,3.195,8.183
2025-08-04,1.064,0.983,1.038,1.099,1.181,2.282,0.000,0.000,6.072,11.316,0.387,0.000,0.000,3.199,8.190
2025-08-05,1.064,0.983,1.037,1.099,1.180,2.301,0.000,0.000,6.097,11.352,0.388,0.000,0.000,3.204,8.198
2025-08-06,1.063,0.983,1.037,1.098,1.178,2.327,0.000,0.000,6.118,11.371,0.390,0.000,0.000,3.209,8.207
2025-08-07,1.063,0.982,1.037,1.097,1.177,2.359,0.000,0.000,6.139,11.407,0.394,0.000,0.000,3.213,8.209
